{"cameraMode":{"drawMode":0,"name":"Shaded","section":"Shading Mode"},"sceneLighting":false,"audioPlay":false,"sceneViewState":{"m_AlwaysRefresh":false,"showFog":true,"showSkybox":false,"showFlares":true,"showImageEffects":true,"showParticleSystems":true,"showVisualEffectGraphs":true,"m_FxEnabled":true},"in2DMode":false,"pivot":{"x":126.39392852783203,"y":17.852642059326173,"z":382.2340393066406},"rotation":{"x":0.12014077603816986,"y":-0.3312409818172455,"z":0.04257781803607941,"w":0.9349048733711243},"size":0.8931751847267151,"orthographic":false}