{"cameraMode":{"drawMode":0,"name":"Shaded","section":"Shading Mode"},"sceneLighting":false,"audioPlay":false,"sceneViewState":{"m_AlwaysRefresh":false,"showFog":true,"showSkybox":false,"showFlares":true,"showImageEffects":true,"showParticleSystems":true,"showVisualEffectGraphs":true,"m_FxEnabled":true},"in2DMode":false,"pivot":{"x":55.283287048339847,"y":13.790000915527344,"z":59.840003967285159},"rotation":{"x":-0.12292454391717911,"y":0.8546110987663269,"z":-0.2354252189397812,"w":-0.44622233510017397},"size":21.814626693725587,"orthographic":false}