{"cameraMode":{"drawMode":0,"name":"Shaded","section":"Shading Mode"},"sceneLighting":false,"audioPlay":false,"sceneViewState":{"m_AlwaysRefresh":false,"showFog":true,"showSkybox":false,"showFlares":true,"showImageEffects":true,"showParticleSystems":true,"showVisualEffectGraphs":true,"m_FxEnabled":true},"in2DMode":false,"pivot":{"x":318.9039306640625,"y":183.98324584960938,"z":-246.9324951171875},"rotation":{"x":0.0024913810193538667,"y":-0.9966534972190857,"z":0.03321000561118126,"w":0.07486257702112198},"size":204.71739196777345,"orthographic":false}