{"cameraMode":{"drawMode":0,"name":"Shaded","section":"Shading Mode"},"sceneLighting":true,"audioPlay":false,"sceneViewState":{"m_AlwaysRefresh":false,"showFog":true,"showSkybox":true,"showFlares":true,"showImageEffects":true,"showParticleSystems":true,"showVisualEffectGraphs":true,"m_FxEnabled":true},"in2DMode":false,"pivot":{"x":467.54022216796877,"y":259.46014404296877,"z":217.52743530273438},"rotation":{"x":0.0040465351194143299,"y":-0.9947224855422974,"z":0.09308690577745438,"w":0.04327143356204033},"size":31.38201141357422,"orthographic":false}